"A0PJZ3"	"UniProtKB"	"Transmembrane"	"5"	"25"	"SKAAALLLLALAALLLALLSL"
"A6NGU5"	"UniProtKB"	"Transmembrane"	"5"	"26"	"LVVLGLLAVVLVLVIVGLCLWL"
"A6NLE4"	"UniProtKB"	"Transmembrane"	"37"	"53"	"LLALLILVLYLSTEIWG"
"A8MXE2"	"UniProtKB"	"Transmembrane"	"13"	"33"	"WCFILFNVILFHALLFGTDFV"
"D3W0D1"	"UniProtKB"	"Transmembrane"	"31"	"51"	"YYCLLLIFGCIVILIFIMTGI"
"O00461"	"UniProtKB"	"Transmembrane"	"13"	"33"	"IFQTLLLLTVVFGFLYGAMLY"
"O00587"	"UniProtKB"	"Transmembrane"	"8"	"27"	"GLAGALLTLLCMGLLCLRYH"
"O14638"	"UniProtKB"	"Transmembrane"	"12"	"30"	"PVKKNTLKKYKIACIVLLA"
"O14788"	"UniProtKB"	"Transmembrane"	"48"	"68"	"MFVALLGLGLGQVVCSVALFF"
"O15162"	"UniProtKB"	"Transmembrane"	"289"	"305"	"MKAVMIGACFLIDFMFF"
"O15393"	"UniProtKB"	"Transmembrane"	"85"	"105"	"LCITLTLGTFLVGAALAAGLL"
"O15466"	"UniProtKB"	"Transmembrane"	"18"	"38"	"LLFIFICAFALVTLLQQILYG"
"O43173"	"UniProtKB"	"Transmembrane"	"10"	"33"	"ASVLGLVMLSVALLILSLISYVSL"
"O43286"	"UniProtKB"	"Transmembrane"	"15"	"35"	"LLAALFFFSLSSSLLYFVYVA"
"O43451"	"UniProtKB"	"Transmembrane"	"14"	"34"	"IVLSVLLLVLFIISIVLIVLL"
"O43505"	"UniProtKB"	"Transmembrane"	"9"	"36"	"CAFYQLLLAALMLVAMLQLLYLSLLSGL"
"O43508"	"UniProtKB"	"Transmembrane"	"22"	"42"	"VPLALGLGLALACLGLLLAVV"
"O43529"	"UniProtKB"	"Transmembrane"	"7"	"27"	"LLAACFWVIFMFMVASKFITL"
"O43557"	"UniProtKB"	"Transmembrane"	"38"	"58"	"VGLGLLLLLMGAGLAVQGWFL"
"O43736"	"UniProtKB"	"Transmembrane"	"54"	"74"	"MLTLLGLSFILAGLIVGGACI"
"O43825"	"UniProtKB"	"Transmembrane"	"25"	"45"	"THLIGVLSLVFLFAMFLFFNH"
"O43889"	"UniProtKB"	"Transmembrane"	"255"	"271"	"ILVLLVSFCLLLVPAMY"
"O43908"	"UniProtKB"	"Transmembrane"	"75"	"95"	"VLGIICIVLMATVLKTIVLIP"
"O43909"	"UniProtKB"	"Transmembrane"	"31"	"51"	"WLSFTLFVILVFFPLIAHYYL"
"O43916"	"UniProtKB"	"Transmembrane"	"3"	"23"	"CSWKAVLLLALASIAIQYTAI"
"O60235"	"UniProtKB"	"Transmembrane"	"21"	"41"	"FIVVAGVVILAVTIALLVYFL"
"O60243"	"UniProtKB"	"Transmembrane"	"18"	"37"	"FVLVVAGSVCFMLILYQYAG"
"O60344"	"UniProtKB"	"Transmembrane"	"179"	"199"	"LVLAGASLLLAALLLGCLVAL"
"O60476"	"UniProtKB"	"Transmembrane"	"37"	"57"	"FILLLILSAFITLCFGAFFFL"
"O60507"	"UniProtKB"	"Transmembrane"	"9"	"25"	"LLLACLVISSVTVFYLG"
"O60512"	"UniProtKB"	"Transmembrane"	"11"	"31"	"TLALLVGSQLAVMMYLSLGGF"
"O60513"	"UniProtKB"	"Transmembrane"	"13"	"38"	"FRLLLLLTLCLTVVGWATSNYFVGAI"
"O60704"	"UniProtKB"	"Transmembrane"	"9"	"25"	"LLAAGCALVLVLAVQLG"
"O60909"	"UniProtKB"	"Transmembrane"	"16"	"36"	"VLLLCLLHFLVAVILYFDVYA"
"O75063"	"UniProtKB"	"Transmembrane"	"7"	"25"	"VVLLAILLVIFIFTKVFLI"
"O75072"	"UniProtKB"	"Transmembrane"	"8"	"28"	"VVLALLTLTSSAFLLFQLYYY"
"O75354"	"UniProtKB"	"Transmembrane"	"40"	"60"	"VAKVAYPLGLCVGVFIYVAYI"
"O75477"	"UniProtKB"	"Transmembrane"	"6"	"26"	"VLVAAVVGLVAVLLYASIHKI"
"O75752"	"UniProtKB"	"Transmembrane"	"21"	"43"	"SLLLLSLLSFFVMWYLSLPHYNV"
"O75900"	"UniProtKB"	"Transmembrane"	"20"	"40"	"WLGAALVALCLLPALVLLARL"
"O75923"	"UniProtKB"	"Transmembrane"	"2047"	"2067"	"IILFIILFILLLFLAIFIYAF"
"O94766"	"UniProtKB"	"Transmembrane"	"8"	"28"	"VFLAYFLVSIAGLLYALVQLG"
"O94901"	"UniProtKB"	"Transmembrane"	"316"	"335"	"ICKFLVLLIPLFLLLAGLSL"
"O94905"	"UniProtKB"	"Transmembrane"	"4"	"24"	"LGAVVAVASSFFCASLFSAVH"
"O94923"	"UniProtKB"	"Transmembrane"	"12"	"28"	"TLIIICALFTLVTVLLW"
"O95150"	"UniProtKB"	"Transmembrane"	"36"	"56"	"ALTCCLVLLPFLAGLTTYLLV"
"O95395"	"UniProtKB"	"Transmembrane"	"7"	"26"	"LCQLHYLWALGCYMLLATVA"
"O95461"	"UniProtKB"	"Transmembrane"	"11"	"31"	"FLAASLSLLCIPAITWIYLFS"
"O95502"	"UniProtKB"	"Transmembrane"	"3"	"23"	"FLAVLLAAGMLAFLGAVICII"
"O95672"	"UniProtKB"	"Transmembrane"	"60"	"82"	"VCLLSGLVFAAGLCAILAAMLAL"
"O95803"	"UniProtKB"	"Transmembrane"	"14"	"34"	"TVILLATFCMVSIIISAYYLY"
"O96024"	"UniProtKB"	"Transmembrane"	"9"	"19"	"LLLAALLLVIV"
"P01375"	"UniProtKB"	"Transmembrane"	"36"	"56"	"FSFLIVAGATTLFCLLHFGVI"
"P02786"	"UniProtKB"	"Transmembrane"	"68"	"88"	"YGTIAVIVFFLIGFMIGYLGY"
"P04233"	"UniProtKB"	"Transmembrane"	"47"	"72"	"GALYTGFSILVTLLLAGQATTAYFLY"
"P05026"	"UniProtKB"	"Transmembrane"	"35"	"62"	"ILLFYVIFYGCLAGIFIGTIQVMLLTIS"
"P05981"	"UniProtKB"	"Transmembrane"	"24"	"44"	"GTLLLLTAIGAASWAIVAVLL"
"P06734"	"UniProtKB"	"Transmembrane"	"22"	"47"	"TQIVLLGLVTAALWAGLLTLLLLWHW"
"P07099"	"UniProtKB"	"Transmembrane"	"2"	"20"	"WLEILLTSVLGFAIYWFIS"
"P07306"	"UniProtKB"	"Transmembrane"	"41"	"61"	"LLLLSLGLSLLLLVVVCVIGS"
"P07307"	"UniProtKB"	"Transmembrane"	"59"	"79"	"FSLLALSFNILLLVVICVTGS"
"P08195"	"UniProtKB"	"Transmembrane"	"185"	"205"	"LLLLFWLGWLGMLAGAVVIIV"
"P08473"	"UniProtKB"	"Transmembrane"	"29"	"51"	"ISLSVLVLLLTIIAVTMIALYAT"
"P08910"	"UniProtKB"	"Transmembrane"	"10"	"30"	"LPAVFDGVKLAAVAAVLYVIV"
"P09172"	"UniProtKB"	"Transmembrane"	"17"	"37"	"EAAFMYSTAVAIFLVILVAAL"
"P0C7V7"	"UniProtKB"	"Transmembrane"	"7"	"24"	"YYQVLNFGMIVSSALMIW"
"P14410"	"UniProtKB"	"Transmembrane"	"13"	"32"	"LIVLFVIVTIIAIALIVVLA"
"P14415"	"UniProtKB"	"Transmembrane"	"40"	"67"	"ILLFYLVFYGFLTAMFTLTMWVMLQTVS"
"P15144"	"UniProtKB"	"Transmembrane"	"9"	"32"	"KSLGILGILLGVAAVCTIIALSVV"
"P15291"	"UniProtKB"	"Transmembrane"	"25"	"44"	"LLVAVCALHLGVTLVYYLAG"
"P15907"	"UniProtKB"	"Transmembrane"	"10"	"26"	"FSCCVLVFLLFAVICVW"
"P16442"	"UniProtKB"	"Transmembrane"	"33"	"53"	"GYGVLSPRSLMPGSLERGFCM"
"P18850"	"UniProtKB"	"Transmembrane"	"378"	"398"	"VVCVMIVLAFIILNYGPMSML"
"P19440"	"UniProtKB"	"Transmembrane"	"5"	"26"	"LVVLGLLAVVLVLVIVGLCLWL"
"P19526"	"UniProtKB"	"Transmembrane"	"9"	"25"	"LCLAFLLVCVLSVIFFL"
"P21217"	"UniProtKB"	"Transmembrane"	"16"	"34"	"CLAALLFQLLVAVCFFSYL"
"P21757"	"UniProtKB"	"Transmembrane"	"51"	"76"	"AALIALYLLVFAVLIPLIGIVAAQLL"
"P21854"	"UniProtKB"	"Transmembrane"	"96"	"116"	"LLLGLLLTCLLLGVTAICLGV"
"P21964"	"UniProtKB"	"Transmembrane"	"7"	"26"	"LLLAAVLLGLVLLVVLLLLL"
"P22083"	"UniProtKB"	"Transmembrane"	"148"	"172"	"GLPWTVCVLAAAGLTCTALITYACW"
"P22413"	"UniProtKB"	"Transmembrane"	"77"	"97"	"VLSLVLSVCVLTTILGCIFGL"
"P22760"	"UniProtKB"	"Transmembrane"	"6"	"23"	"LYLLIVGILIAYYIYTPL"
"P23276"	"UniProtKB"	"Transmembrane"	"48"	"67"	"VLTAILILGLLLCFSVLLFY"
"P23510"	"UniProtKB"	"Transmembrane"	"24"	"50"	"LLLVASVIQGLGLLLCFTYICLHFSAL"
"P26572"	"UniProtKB"	"Transmembrane"	"7"	"29"	"AGLVLWGAILFVAWNALLLLFFW"
"P26715"	"UniProtKB"	"Transmembrane"	"71"	"93"	"LIVGILGIICLILMASVVTIVVI"
"P26717"	"UniProtKB"	"Transmembrane"	"71"	"93"	"LTAEVLGIICIVLMATVLKTIVL"
"P26718"	"UniProtKB"	"Transmembrane"	"52"	"72"	"PFFFCCFIAVAMGIRFIIMVA"
"P27487"	"UniProtKB"	"Transmembrane"	"7"	"28"	"VLLGLLGAAALVTIITVPVVLL"
"P28845"	"UniProtKB"	"Transmembrane"	"8"	"24"	"LLPILGLFMAYYYYSAN"
"P28907"	"UniProtKB"	"Transmembrane"	"22"	"42"	"AQLCLGVSILVLILVVVLAVV"
"P29965"	"UniProtKB"	"Transmembrane"	"23"	"46"	"IFMYLLTVFLITQMIGSALFAVYL"
"P32970"	"UniProtKB"	"Transmembrane"	"18"	"38"	"VLRAALVPLVAGLVICLVVCI"
"P32971"	"UniProtKB"	"Transmembrane"	"38"	"62"	"YFYLTTATLALCLVFTVATIMVLVV"
"P33908"	"UniProtKB"	"Transmembrane"	"42"	"62"	"FVLLLVFSAFITLCFGAIFFL"
"P36268"	"UniProtKB"	"Transmembrane"	"5"	"26"	"LVVLGLLAVVLVLVIVGLCLWL"
"P36269"	"UniProtKB"	"Transmembrane"	"9"	"29"	"VSLVLLGLGLALAVIVLAVVL"
"P37059"	"UniProtKB"	"Transmembrane"	"4"	"24"	"FFSDTAWICLAVPTVLCGTVF"
"P41273"	"UniProtKB"	"Transmembrane"	"29"	"49"	"WALVAGLLLLLLLAAACAVFL"
"P42167"	"UniProtKB"	"Transmembrane"	"411"	"434"	"IPVWIKILLFVVVAVFLFLVYQAM"
"P42658"	"UniProtKB"	"Transmembrane"	"96"	"116"	"IAIALLVILVICSLIVTSVIL"
"P42857"	"UniProtKB"	"Transmembrane"	"83"	"103"	"VSVLVLFALAFLTCVVFLVVY"
"P42892"	"UniProtKB"	"Transmembrane"	"69"	"89"	"LVVLVVLLAAGLVACLAALGI"
"P46695"	"UniProtKB"	"Transmembrane"	"83"	"99"	"AKRLLFLLLTIVFCQIL"
"P48023"	"UniProtKB"	"Transmembrane"	"81"	"102"	"LCLLVMFFMVLVALVGLGLGMF"
"P49641"	"UniProtKB"	"Transmembrane"	"6"	"26"	"QVTVCGAAIFCVAVFSLYLML"
"P49788"	"UniProtKB"	"Transmembrane"	"21"	"42"	"TAPLLALLLLLAPVAAPAGSGD"
"P50591"	"UniProtKB"	"Transmembrane"	"18"	"38"	"LIVIFTVLLQSLCVAVTYVYF"
"P51164"	"UniProtKB"	"Transmembrane"	"37"	"57"	"WVWISLYYVAFYVVMTGLFAL"
"P51993"	"UniProtKB"	"Transmembrane"	"15"	"34"	"CCLTTLLFQLLMAVCFFSYL"
"P52848"	"UniProtKB"	"Transmembrane"	"18"	"39"	"AVLFLLFIFCLFSVFISAYYLY"
"P52849"	"UniProtKB"	"Transmembrane"	"19"	"39"	"LILLLIAFSLGSMGFLAYYVS"
"P54709"	"UniProtKB"	"Transmembrane"	"36"	"56"	"WGLILLFYLVFYGFLAALFSF"
"P55073"	"UniProtKB"	"Transmembrane"	"17"	"36"	"ASCLVLFPRFLGTAFMLWLL"
"P57727"	"UniProtKB"	"Transmembrane"	"49"	"69"	"FPIIVIGIIALILALAIGLGI"
"P61009"	"UniProtKB"	"Transmembrane"	"12"	"32"	"FAFSLSVMAALTFGCFITTAF"
"P61647"	"UniProtKB"	"Transmembrane"	"4"	"24"	"GGALLALLASLLLLLLLRLLW"
"P67812"	"UniProtKB"	"Transmembrane"	"17"	"36"	"QLYYQVLNFGMIVSSALMIW"
"P78380"	"UniProtKB"	"Transmembrane"	"37"	"57"	"LAAATLGVLCLGLVVTIMVLG"
"P78562"	"UniProtKB"	"Transmembrane"	"21"	"41"	"IALVVFVGGTLVLGTILFLVS"
"P98073"	"UniProtKB"	"Transmembrane"	"19"	"47"	"IMFAALFAILVVLCAGLIAVSCLTIKESQ"
"Q00973"	"UniProtKB"	"Transmembrane"	"8"	"25"	"LCALVLLLACASLGLLYA"
"Q02742"	"UniProtKB"	"Transmembrane"	"10"	"32"	"LFSYPTKYYFMVLVLSLITFSVL"
"Q04609"	"UniProtKB"	"Transmembrane"	"20"	"43"	"WLCAGALVLAGGFFLLGFLFGWFI"
"Q06430"	"UniProtKB"	"Transmembrane"	"7"	"25"	"YLFIISVSSVIIFIVFSVF"
"Q06643"	"UniProtKB"	"Transmembrane"	"19"	"48"	"LLLAVAGATSLVTLLLAVPITVLAVLALVP"
"Q07075"	"UniProtKB"	"Transmembrane"	"19"	"39"	"VAILCAVVVGVGLIVGLAVGL"
"Q07108"	"UniProtKB"	"Transmembrane"	"41"	"61"	"VLCAVMNVVFITILIIALIAL"
"Q07444"	"UniProtKB"	"Transmembrane"	"71"	"93"	"LTAEVLGIICIVLMATVLKTIVL"
"Q07837"	"UniProtKB"	"Transmembrane"	"88"	"108"	"ILFWLTVASVLVLIAATIAII"
"Q09327"	"UniProtKB"	"Transmembrane"	"8"	"23"	"LFLMFCMAGLCLISFL"
"Q09328"	"UniProtKB"	"Transmembrane"	"14"	"30"	"LGFFLVTFGFIWGMMLL"
"Q0P6D2"	"UniProtKB"	"Transmembrane"	"23"	"43"	"GTLLAFAAWTAGWVLAAALLL"
"Q10469"	"UniProtKB"	"Transmembrane"	"10"	"29"	"VLILTLVVAACGFVLWSSNG"
"Q10471"	"UniProtKB"	"Transmembrane"	"7"	"24"	"MLLCFAFLWVLGIAYYMY"
"Q10472"	"UniProtKB"	"Transmembrane"	"9"	"28"	"VVLATSLIWVLLDMFLLLYF"
"Q10589"	"UniProtKB"	"Transmembrane"	"21"	"48"	"KLLLGIGILVLLIIVILGVPLIIFTIKA"
"Q10981"	"UniProtKB"	"Transmembrane"	"15"	"28"	"FILFVFTVSTIFHV"
"Q11128"	"UniProtKB"	"Transmembrane"	"16"	"34"	"CLAGLLFQLLVAVCFFSYL"
"Q11130"	"UniProtKB"	"Transmembrane"	"15"	"36"	"LGVLAGVALLAALWLLWLLGSA"
"Q11201"	"UniProtKB"	"Transmembrane"	"14"	"34"	"FLVLFIFLTSFFLNYSHTMVA"
"Q11203"	"UniProtKB"	"Transmembrane"	"9"	"28"	"NLLLALCLFLVLGFLYYSAW"
"Q11206"	"UniProtKB"	"Transmembrane"	"9"	"26"	"LLAMLALVLVVMVWYSIS"
"Q12797"	"UniProtKB"	"Transmembrane"	"54"	"74"	"FFTWFMVIALLGVWTSVAVVW"
"Q12884"	"UniProtKB"	"Transmembrane"	"5"	"25"	"VKIVFGVATSAVLALLVMCIV"
"Q12918"	"UniProtKB"	"Transmembrane"	"46"	"66"	"AGIILLVLVVTGLSVSVTSLI"
"Q13061"	"UniProtKB"	"Transmembrane"	"48"	"68"	"AAWLLVIALIITWSAVAIVMF"
"Q13241"	"UniProtKB"	"Transmembrane"	"11"	"31"	"LISGTLGIICLSLMSTLGILL"
"Q13326"	"UniProtKB"	"Transmembrane"	"38"	"58"	"LFVLLLLIILVVNLALTIWIL"
"Q13724"	"UniProtKB"	"Transmembrane"	"39"	"59"	"STAGGVALAVVVLSLALGMSG"
"Q14435"	"UniProtKB"	"Transmembrane"	"20"	"37"	"FWKLGAVIFFFIIVLVLM"
"Q16394"	"UniProtKB"	"Transmembrane"	"8"	"28"	"FILLSAGSCLALLFYFGGLQF"
"Q16585"	"UniProtKB"	"Transmembrane"	"66"	"86"	"ICVIILLFILAVINLIITLVI"
"Q16706"	"UniProtKB"	"Transmembrane"	"6"	"26"	"QFTVFGSAIFCVVIFSLYLML"
"Q16842"	"UniProtKB"	"Transmembrane"	"7"	"27"	"VWFLSVAFLLVFIMSLLFTYS"
"Q16853"	"UniProtKB"	"Transmembrane"	"6"	"26"	"ILVLLILAVITIFALVCVLLV"
"Q2HXU8"	"UniProtKB"	"Transmembrane"	"44"	"64"	"LGLVTLCLMLLIGLVTLGMMF"
"Q2M2H8"	"UniProtKB"	"Transmembrane"	"10"	"30"	"VLLIIFCLIVVTIDILLLLLV"
"Q3T906"	"UniProtKB"	"Transmembrane"	"22"	"42"	"VCFLGVVVTIVSAFQFGEVVL"
"Q3T906"	"UniProtKB"	"Transmembrane"	"1215"	"1235"	"VLATLIMFTIFSFFAEQLIAL"
"Q3V5L5"	"UniProtKB"	"Transmembrane"	"25"	"45"	"FVLGIGFFTLCFLMTSLGGQF"
"Q495T6"	"UniProtKB"	"Transmembrane"	"28"	"48"	"GLLLLLLLVTAALVALGVLYA"
"Q495W5"	"UniProtKB"	"Transmembrane"	"8"	"24"	"VVLVLLGVLSVCAASGH"
"Q49A17"	"UniProtKB"	"Transmembrane"	"8"	"28"	"FLQMTLLFTVALIFLPNVGLW"
"Q4G0N0"	"UniProtKB"	"Transmembrane"	"7"	"27"	"VILSMLVVSTVIIVFWEFINS"
"Q4G148"	"UniProtKB"	"Transmembrane"	"7"	"29"	"VVVLCVACGFCSLLYAFSQLAVS"
"Q58DX5"	"UniProtKB"	"Transmembrane"	"122"	"142"	"FCHVLKILCTATILFIFGILI"
"Q5H943"	"UniProtKB"	"Transmembrane"	"4"	"21"	"YLLLASSILCALIVFWKY"
"Q5KU26"	"UniProtKB"	"Transmembrane"	"38"	"58"	"FSIILLYILCALLTITVAILG"
"Q5QGZ9"	"UniProtKB"	"Transmembrane"	"44"	"64"	"LFLTLLCLLLLIGLGVLASMF"
"Q5SRI9"	"UniProtKB"	"Transmembrane"	"9"	"29"	"CIILALFILFIFSLMMGLKML"
"Q5T4J0"	"UniProtKB"	"Transmembrane"	"3"	"23"	"VWSCYLCIITLQIIIIVTVLY"
"Q5T7M9"	"UniProtKB"	"Transmembrane"	"28"	"48"	"YLFFSWLVVFVGSWIIYVQYS"
"Q5TAT6"	"UniProtKB"	"Transmembrane"	"45"	"61"	"CGLLTLALCSLALSLLA"
"Q5U4P2"	"UniProtKB"	"Transmembrane"	"73"	"95"	"LPLASSALTLLFGALTSLFLWYC"
"Q5VSG8"	"UniProtKB"	"Transmembrane"	"9"	"29"	"CIALFLVLLFAFGTLMGLRTL"
"Q5VUD6"	"UniProtKB"	"Transmembrane"	"31"	"51"	"CIFLAWLGVFAGSWLVYVHYS"
"Q5VUY2"	"UniProtKB"	"Transmembrane"	"5"	"25"	"WLVLLLALPIFFLGVFVWAVF"
"Q68CJ9"	"UniProtKB"	"Transmembrane"	"323"	"343"	"CVAVLLLSFALIILPSISPFG"
"Q68CQ7"	"UniProtKB"	"Transmembrane"	"8"	"28"	"IIILVLAVALFLLVLHHNFLS"
"Q6AZY7"	"UniProtKB"	"Transmembrane"	"57"	"77"	"ILYLFLALLLVAVAVLASLVF"
"Q6EIG7"	"UniProtKB"	"Transmembrane"	"21"	"41"	"WSVAGISIALLSACFIVSCVV"
"Q6IAN0"	"UniProtKB"	"Transmembrane"	"18"	"38"	"FITSTAILPLLFGCLGVFGLF"
"Q6ICH7"	"UniProtKB"	"Transmembrane"	"59"	"79"	"TAVITVACLLVLFVWYCYHVG"
"Q6IS24"	"UniProtKB"	"Transmembrane"	"7"	"27"	"VKVLLVLNLIAVAGFVLFLAK"
"Q6L9W6"	"UniProtKB"	"Transmembrane"	"25"	"45"	"LLLALAVVSVGLWTLYLELVA"
"Q6N022"	"UniProtKB"	"Transmembrane"	"346"	"366"	"AIVISATLVILLAYFVAMHLF"
"Q6NSJ0"	"UniProtKB"	"Transmembrane"	"57"	"77"	"LLGSAVLGLLLVLAAVVAWCY"
"Q6P179"	"UniProtKB"	"Transmembrane"	"21"	"40"	"GFYCLTAILPQICICSQFSV"
"Q6P4E1"	"UniProtKB"	"Transmembrane"	"15"	"35"	"SLVLVVLLVVIVVLAFNYWSI"
"Q6P4F1"	"UniProtKB"	"Transmembrane"	"9"	"31"	"LLASCLCVTATVFLLVTLQVMVE"
"Q6P531"	"UniProtKB"	"Transmembrane"	"55"	"75"	"GTWARVVAALLLLAVGCSLAV"
"Q6P9A2"	"UniProtKB"	"Transmembrane"	"13"	"35"	"TCVILSGMTNIICLLYVGWVTNY"
"Q6PIU2"	"UniProtKB"	"Transmembrane"	"5"	"25"	"CVLLTALVALAAYYVYIPLPG"
"Q6PK18"	"UniProtKB"	"Transmembrane"	"43"	"65"	"WLRTAGLGAGFVLTALLLWSSLG"
"Q6Q4G3"	"UniProtKB"	"Transmembrane"	"14"	"34"	"AVALLLAGLVAALLLALAVLA"
"Q6UVW9"	"UniProtKB"	"Transmembrane"	"28"	"48"	"IGLMCFLSIIITTVCIIMIAT"
"Q6UWH4"	"UniProtKB"	"Transmembrane"	"38"	"55"	"LLLGTACAIYLGFLVSQV"
"Q6UX72"	"UniProtKB"	"Transmembrane"	"11"	"27"	"ALLTLLLGASLGLLLYA"
"Q6UXB4"	"UniProtKB"	"Transmembrane"	"32"	"52"	"LFLALAVLVTTVLWAVILSIL"
"Q6UXN8"	"UniProtKB"	"Transmembrane"	"36"	"56"	"VMVISCVFCMGLLTASIFLGV"
"Q6Y288"	"UniProtKB"	"Transmembrane"	"7"	"27"	"WWLLAPPALLALLTCSLAFGL"
"Q6ZMB0"	"UniProtKB"	"Transmembrane"	"13"	"31"	"TLACLLVGVSFLALQQWFL"
"Q6ZMI3"	"UniProtKB"	"Transmembrane"	"18"	"39"	"GALAAVALLSALNAAGTVFALC"
"Q6ZMJ2"	"UniProtKB"	"Transmembrane"	"61"	"81"	"AVLGLYLLVFLILVGIFILAV"
"Q6ZMR5"	"UniProtKB"	"Transmembrane"	"19"	"39"	"MIAVLIVLSLTVVAVTIGLLV"
"Q6ZNI0"	"UniProtKB"	"Transmembrane"	"9"	"25"	"SGLVVRAVICIFIFLYL"
"Q6ZS10"	"UniProtKB"	"Transmembrane"	"173"	"193"	"LCLLVVTSLFLGCLGLTVTLI"
"Q6ZWK6"	"UniProtKB"	"Transmembrane"	"33"	"53"	"FTLAIVAIIGIAIGIVTHFVV"
"Q70JA7"	"UniProtKB"	"Transmembrane"	"8"	"28"	"PWMSVALGLVLGFTAASWLIA"
"Q70SY1"	"UniProtKB"	"Transmembrane"	"380"	"400"	"LMVVVLCFAVAFGSFFQGYGP"
"Q76KP1"	"UniProtKB"	"Transmembrane"	"16"	"36"	"LLLLLLLSCAAWLTYVHLGLV"
"Q7L1S5"	"UniProtKB"	"Transmembrane"	"13"	"33"	"VFLSVLIFGVAGLLLFMYLQV"
"Q7L211"	"UniProtKB"	"Transmembrane"	"37"	"57"	"FHLYGGIILLLLIFISIAGIL"
"Q7L5N7"	"UniProtKB"	"Transmembrane"	"58"	"78"	"IVLLGIILLPIRVLLVALILL"
"Q7LFX5"	"UniProtKB"	"Transmembrane"	"81"	"101"	"SLVFGLIIMTLVMASYILSGA"
"Q7LGA3"	"UniProtKB"	"Transmembrane"	"12"	"28"	"LQLLAVVAFAVAMLFLE"
"Q7LGC8"	"UniProtKB"	"Transmembrane"	"21"	"38"	"RSKYALFLVFVVIVFVFI"
"Q7RTY8"	"UniProtKB"	"Transmembrane"	"77"	"97"	"IILFTVFLFILAVIAWTLLWL"
"Q7Z410"	"UniProtKB"	"Transmembrane"	"30"	"50"	"SIGVVATSLVVLTLGVLLAFL"
"Q7Z412"	"UniProtKB"	"Transmembrane"	"247"	"267"	"FFSLPFKKSLLAALILCLLVV"
"Q7Z4J2"	"UniProtKB"	"Transmembrane"	"7"	"23"	"LLLVLFAFSLMLVERYF"
"Q7Z4T8"	"UniProtKB"	"Transmembrane"	"5"	"27"	"IIQGLFYGSLTFGIWTALLFIYL"
"Q7Z7M8"	"UniProtKB"	"Transmembrane"	"7"	"23"	"LLCLSALLTLLGLKVYI"
"Q7Z7M9"	"UniProtKB"	"Transmembrane"	"13"	"35"	"RVLAFIFVASVIWLLFDMAALRL"
"Q86SF2"	"UniProtKB"	"Transmembrane"	"7"	"29"	"FILRSLLVVGSFLGLVVLWSSLT"
"Q86SR1"	"UniProtKB"	"Transmembrane"	"12"	"31"	"VALVLAALVLLPNVGLWALY"
"Q86T26"	"UniProtKB"	"Transmembrane"	"18"	"38"	"IFIFLGVAAILGVTIGLLVHF"
"Q86UP2"	"UniProtKB"	"Transmembrane"	"7"	"29"	"AYFIVLIPSIVITVIFLFFWLFM"
"Q86VU5"	"UniProtKB"	"Transmembrane"	"12"	"32"	"AALALGSAALGAAFATGLFLG"
"Q86W10"	"UniProtKB"	"Transmembrane"	"10"	"30"	"MAHPFLLLILLCMSLLLFQVI"
"Q86X52"	"UniProtKB"	"Transmembrane"	"8"	"28"	"AWLSVLLGLVLGFVLASRLVL"
"Q86Y22"	"UniProtKB"	"Transmembrane"	"35"	"56"	"AVSALCLLLSVGSAAACLLLGV"
"Q86Y38"	"UniProtKB"	"Transmembrane"	"18"	"38"	"LLAALTVLLLQTLVVWNFSSL"
"Q8IU80"	"UniProtKB"	"Transmembrane"	"56"	"76"	"LFVLLALLVLASAGVLLWYFL"
"Q8IUC8"	"UniProtKB"	"Transmembrane"	"5"	"27"	"VYCKVVLATSLMWVLVDVFLLLY"
"Q8IUN9"	"UniProtKB"	"Transmembrane"	"40"	"60"	"HLLLSLGLGLLLLVIICVVGF"
"Q8IUS5"	"UniProtKB"	"Transmembrane"	"17"	"37"	"SLLFWSLVYCYCGLCASIHLL"
"Q8IV08"	"UniProtKB"	"Transmembrane"	"39"	"59"	"VLLVLILAVVGFGALMTQLFL"
"Q8IX19"	"UniProtKB"	"Transmembrane"	"86"	"106"	"LYILLALAFVLCIILSAFIMV"
"Q8IXA5"	"UniProtKB"	"Transmembrane"	"64"	"84"	"WCPAGIMLLALVCLLSCLLPS"
"Q8IXK2"	"UniProtKB"	"Transmembrane"	"20"	"37"	"ALLVLLALLALAGLGSVL"
"Q8IZ52"	"UniProtKB"	"Transmembrane"	"16"	"34"	"VAVGISLGFTLSLLSVTWV"
"Q8IZP7"	"UniProtKB"	"Transmembrane"	"5"	"27"	"FNKWLLTPVLTLLFVVIMYQYVS"
"Q8IZS7"	"UniProtKB"	"Transmembrane"	"68"	"88"	"FVVFSLFLICAMAGDVVYADI"
"Q8IZT8"	"UniProtKB"	"Transmembrane"	"13"	"32"	"LLVLGSLAVGSLLYLVARVG"
"Q8N0V5"	"UniProtKB"	"Transmembrane"	"8"	"23"	"CLFSASLISALIFVFV"
"Q8N1L4"	"UniProtKB"	"Transmembrane"	"10"	"30"	"MAHPFLLLILLCMSLLLFQVI"
"Q8N1N0"	"UniProtKB"	"Transmembrane"	"40"	"60"	"ATPAFMAVTLVFSLVTLFVVV"
"Q8N3T1"	"UniProtKB"	"Transmembrane"	"12"	"34"	"CRLQFLLLLLMLGCVLMMVAMLH"
"Q8N3Y3"	"UniProtKB"	"Transmembrane"	"9"	"29"	"ALGAAALLLLLLLLGFLLFGG"
"Q8N428"	"UniProtKB"	"Transmembrane"	"7"	"26"	"NAIAILTVAWILGTFYYLWQ"
"Q8N4A0"	"UniProtKB"	"Transmembrane"	"13"	"35"	"LLLAFLTVAYIFVELLVSTFHAS"
"Q8N539"	"UniProtKB"	"Transmembrane"	"34"	"54"	"TVLLALAVLLAVAVTGAVLFL"
"Q8N5D6"	"UniProtKB"	"Transmembrane"	"6"	"26"	"LALGLGFCLLAGTSLSVLWVY"
"Q8N608"	"UniProtKB"	"Transmembrane"	"35"	"55"	"IAIALLVILVVCSLITMSVIL"
"Q8N6G5"	"UniProtKB"	"Transmembrane"	"12"	"32"	"THWLLLGLALLCSLVLFMYLL"
"Q8NBJ4"	"UniProtKB"	"Transmembrane"	"13"	"35"	"SPPLVLAALVACIIVLGFNYWIA"
"Q8NBZ7"	"UniProtKB"	"Transmembrane"	"20"	"40"	"LLLGIALLAYVASVWGNFVNM"
"Q8NC01"	"UniProtKB"	"Transmembrane"	"53"	"73"	"TLLTLCLVLLIGLAALGLLFF"
"Q8NCG5"	"UniProtKB"	"Transmembrane"	"8"	"28"	"KLLLFLVSQMAILALFFHMYS"
"Q8NCH0"	"UniProtKB"	"Transmembrane"	"40"	"60"	"LLPSMLMFAVIVASSGLLLMI"
"Q8NCL4"	"UniProtKB"	"Transmembrane"	"9"	"28"	"MPLRLAMVGCAFVLFLFLLH"
"Q8NCR0"	"UniProtKB"	"Transmembrane"	"7"	"23"	"LLCPCVLGAALHLWLRL"
"Q8NCW6"	"UniProtKB"	"Transmembrane"	"7"	"29"	"RYFCYGCLFTSATWTVLLFVYFN"
"Q8NDV1"	"UniProtKB"	"Transmembrane"	"9"	"28"	"SVIAVSFIAAFLFLLVVRLV"
"Q8NES3"	"UniProtKB"	"Transmembrane"	"9"	"29"	"LLLALAGALLACLLVLTADPP"
"Q8NET6"	"UniProtKB"	"Transmembrane"	"10"	"30"	"VLAAACLGAALLLLCAAPRSL"
"Q8NF37"	"UniProtKB"	"Transmembrane"	"58"	"78"	"LLVAAAMMLLAWPLALVASLG"
"Q8NFL0"	"UniProtKB"	"Transmembrane"	"7"	"26"	"TVYRSLCLALALLVAVTVFQ"
"Q8NFS9"	"UniProtKB"	"Transmembrane"	"7"	"20"	"CFFAFTLLSVVIFV"
"Q8NHY0"	"UniProtKB"	"Transmembrane"	"68"	"88"	"FLWLLKILVIILVLGIVGFMF"
"Q8TC12"	"UniProtKB"	"Transmembrane"	"1"	"21"	""
"Q8TDX6"	"UniProtKB"	"Transmembrane"	"15"	"35"	"VVVLLVLLCCAISVLYMLACT"
"Q8TEY5"	"UniProtKB"	"Transmembrane"	"296"	"316"	"TCVLILLFSLALIILPSFSPF"
"Q8WTT0"	"UniProtKB"	"Transmembrane"	"22"	"44"	"WSMAVVSILLLSVCFTVSSVVPH"
"Q8WU67"	"UniProtKB"	"Transmembrane"	"26"	"46"	"GFFGSGVGLSLILGFSVAYAF"
"Q8WVQ1"	"UniProtKB"	"Transmembrane"	"45"	"62"	"VILTFFVGAAILWLLCSH"
"Q8WXI8"	"UniProtKB"	"Transmembrane"	"18"	"38"	"LIPSVIAVVFILLLSVCFIAS"
"Q8WZA1"	"UniProtKB"	"Transmembrane"	"38"	"58"	"FCQTGAVLFLLVTVIVNIKLI"
"Q92185"	"UniProtKB"	"Transmembrane"	"30"	"48"	"MGASALCVVVLCWLYIFPV"
"Q92186"	"UniProtKB"	"Transmembrane"	"7"	"23"	"SWMLAALTLLVVFLIFA"
"Q92187"	"UniProtKB"	"Transmembrane"	"8"	"20"	"WTICTISLLLIFY"
"Q92478"	"UniProtKB"	"Transmembrane"	"8"	"25"	"CFIIVGVLITTNIITLIV"
"Q92611"	"UniProtKB"	"Transmembrane"	"5"	"25"	"ALVLGLVLLRLGLHGVLWLVF"
"Q92629"	"UniProtKB"	"Transmembrane"	"36"	"56"	"FFVLLLMILILVNLAMTIWIL"
"Q92838"	"UniProtKB"	"Transmembrane"	"42"	"62"	"LFLGFFGLSLALHLLTLCCYL"
"Q92935"	"UniProtKB"	"Transmembrane"	"10"	"30"	"LWLALSASWLLLVLLGGFSLL"
"Q93063"	"UniProtKB"	"Transmembrane"	"26"	"46"	"YITLFSIVLLGLIATGMFQFW"
"Q969X2"	"UniProtKB"	"Transmembrane"	"44"	"64"	"AVFVILFALITILILYSSNSA"
"Q96A11"	"UniProtKB"	"Transmembrane"	"20"	"40"	"ILLLVLGCSTVSLLIHQGAQL"
"Q96AD5"	"UniProtKB"	"Transmembrane"	"9"	"29"	"NISFAGCGFLGVYYVGVASCL"
"Q96AG4"	"UniProtKB"	"Transmembrane"	"245"	"265"	"WAVLKLLLLLLLFGVAGGLVA"
"Q96BA8"	"UniProtKB"	"Transmembrane"	"375"	"395"	"CLMVAALCFVLVLGSLVPCLP"
"Q96E93"	"UniProtKB"	"Transmembrane"	"39"	"59"	"VAIALGLLTAVLLSVLLYQWI"
"Q96EU7"	"UniProtKB"	"Transmembrane"	"7"	"26"	"SFLKGVMLGSIFCALITMLG"
"Q96FL9"	"UniProtKB"	"Transmembrane"	"7"	"26"	"RLVLPVFGVLWITVLLFFWV"
"Q96JF0"	"UniProtKB"	"Transmembrane"	"12"	"32"	"MLFGIFAWGLLFLLIFIYFTD"
"Q96L58"	"UniProtKB"	"Transmembrane"	"12"	"34"	"AALGLGTLALCGAALLYLARCAA"
"Q96LD1"	"UniProtKB"	"Transmembrane"	"38"	"58"	"FFVLLLLVTMIVNLAMTIWIL"
"Q96MM7"	"UniProtKB"	"Transmembrane"	"5"	"27"	"ACAVREFEPPRQPERGAPVRTTC"
"Q96QI5"	"UniProtKB"	"Transmembrane"	"32"	"49"	"MLLVALVLGAYCLCALPG"
"Q96RP7"	"UniProtKB"	"Transmembrane"	"19"	"39"	"GVALGVFMTIGFALQLLGGPF"
"Q96SE0"	"UniProtKB"	"Transmembrane"	"17"	"37"	"FSLLLALAVALYLGYYWACVL"
"Q99941"	"UniProtKB"	"Transmembrane"	"397"	"417"	"VVCIMVFLLFIAFNFGPVSIS"
"Q99999"	"UniProtKB"	"Transmembrane"	"15"	"35"	"GLVLGALFTSFLLLVYSYAVP"
"Q9BT22"	"UniProtKB"	"Transmembrane"	"3"	"23"	"ASCLVLLALCLLLPLLLLGGW"
"Q9BUJ0"	"UniProtKB"	"Transmembrane"	"35"	"55"	"VALLGLSLLLMLLLYVGLPGP"
"Q9BV23"	"UniProtKB"	"Transmembrane"	"9"	"29"	"FVIAGGTLAIPILAFVASFLL"
"Q9BVH7"	"UniProtKB"	"Transmembrane"	"9"	"29"	"LAVCLALTTMCTSLLLVYSSL"
"Q9BX97"	"UniProtKB"	"Transmembrane"	"28"	"48"	"FFLFVSLIQFLIILGLVLFMV"
"Q9BXN2"	"UniProtKB"	"Transmembrane"	"45"	"65"	"LIAVILGILCLVILVIAVVLG"
"Q9BXS0"	"UniProtKB"	"Transmembrane"	"34"	"54"	"CAVLAALLSVVAVVSCLYLGV"
"Q9BY50"	"UniProtKB"	"Transmembrane"	"29"	"48"	"QLYYQVLNFAMIVSSALMIW"
"Q9BY79"	"UniProtKB"	"Transmembrane"	"70"	"90"	"VLLLSSLLLLLLGLLVAIILA"
"Q9BYC5"	"UniProtKB"	"Transmembrane"	"10"	"30"	"WIMLILFAWGTLLFYIGGHLV"
"Q9BYE2"	"UniProtKB"	"Transmembrane"	"161"	"181"	"LPLIGCVLLLIALVVSLIILF"
"Q9BYG0"	"UniProtKB"	"Transmembrane"	"15"	"35"	"LIIQLFATCFLASLMFFWEPI"
"Q9C0J1"	"UniProtKB"	"Transmembrane"	"29"	"49"	"RLCWLVSYSLAVLLLGCLLFL"
"Q9GZS9"	"UniProtKB"	"Transmembrane"	"31"	"48"	"TVTVLLLAQTTCLLLFII"
"Q9GZX3"	"UniProtKB"	"Transmembrane"	"6"	"26"	"VSSTAVTALLLAQTFLLLFLV"
"Q9H0X4"	"UniProtKB"	"Transmembrane"	"50"	"70"	"AAFFLSLFLCLFVVFVVSFVI"
"Q9H1B5"	"UniProtKB"	"Transmembrane"	"16"	"36"	"LAIATALAILLLQGLVVWSFS"
"Q9H1C3"	"UniProtKB"	"Transmembrane"	"7"	"24"	"INQVLLFLLIVTLCVILY"
"Q9H2A9"	"UniProtKB"	"Transmembrane"	"11"	"31"	"ACMFSSILLFGAAGLLLFISL"
"Q9H2S6"	"UniProtKB"	"Transmembrane"	"31"	"50"	"ICGLVFGILALTLIVLFWGS"
"Q9H2X3"	"UniProtKB"	"Transmembrane"	"50"	"70"	"ALVLQLLSFMLLAGVLVAILV"
"Q9H3Q3"	"UniProtKB"	"Transmembrane"	"11"	"31"	"YFRVILLLLLALTLLLLAGFL"
"Q9H3R1"	"UniProtKB"	"Transmembrane"	"14"	"34"	"LIVLLATFCLVSIVISAYFLY"
"Q9H3S3"	"UniProtKB"	"Transmembrane"	"50"	"70"	"AVLGALGLLAGAGVGSWLLVL"
"Q9H4F1"	"UniProtKB"	"Transmembrane"	"7"	"27"	"LVLIILCSVVFSAVYILLCCW"
"Q9H7V2"	"UniProtKB"	"Transmembrane"	"182"	"202"	"LGLSVFSMLCCFWPLGIAAFY"
"Q9HC10"	"UniProtKB"	"Transmembrane"	"1964"	"1984"	"WLLLKLLLLLLLLLLLALFLY"
"Q9HCQ5"	"UniProtKB"	"Transmembrane"	"7"	"29"	"IRTLLTVNILVFVGIVLFSVYCR"
"Q9HDC9"	"UniProtKB"	"Transmembrane"	"41"	"61"	"VTFLMLAVSLTVPLLGAMMLL"
"Q9NNX6"	"UniProtKB"	"Transmembrane"	"38"	"58"	"LGHGPLVLQLLSFTLLAGLLV"
"Q9NPC4"	"UniProtKB"	"Transmembrane"	"23"	"43"	"LFIIGFKFTFFVSIMIYWHVV"
"Q9NPF2"	"UniProtKB"	"Transmembrane"	"17"	"37"	"MVLATCLGSFILVIFYFQSML"
"Q9NPZ5"	"UniProtKB"	"Transmembrane"	"3"	"23"	"SALFTRFFILLPWILIVIIML"
"Q9NQX7"	"UniProtKB"	"Transmembrane"	"55"	"75"	"VGGVCYLSMGMVVLLMGLVFA"
"Q9NR34"	"UniProtKB"	"Transmembrane"	"23"	"43"	"FLFLLFLSGLVTLCFGALFLL"
"Q9NR71"	"UniProtKB"	"Transmembrane"	"13"	"33"	"LIFLLVMMSAITVALLSLLFI"
"Q9NRB3"	"UniProtKB"	"Transmembrane"	"6"	"26"	"LFRLWLVLGSVFMILLIIVYW"
"Q9NRQ2"	"UniProtKB"	"Transmembrane"	"304"	"320"	"MKAMIFGACFLIDFMYF"
"Q9NRS4"	"UniProtKB"	"Transmembrane"	"33"	"53"	"GIPIIIALLSLASIIIVVVLI"
"Q9NRY6"	"UniProtKB"	"Transmembrane"	"266"	"282"	"VKAVLLGATFLIDYMFF"
"Q9NRY7"	"UniProtKB"	"Transmembrane"	"204"	"220"	"MKAVMIGACFLIDYMFF"
"Q9NS00"	"UniProtKB"	"Transmembrane"	"7"	"29"	"LNFLTFLCGSAIGFLLCSQLFSI"
"Q9NS84"	"UniProtKB"	"Transmembrane"	"14"	"34"	"FALLLVLYTLVLLLVPSVLDG"
"Q9NSC7"	"UniProtKB"	"Transmembrane"	"15"	"35"	"VQWSLLLAVLVFFLFALPSFI"
"Q9NST1"	"UniProtKB"	"Transmembrane"	"42"	"62"	"MLFGASAGALHCVGVLSGIPL"
"Q9NT68"	"UniProtKB"	"Transmembrane"	"380"	"400"	"AIAAALLLAILLAYFIAMHLL"
"Q9NXG6"	"UniProtKB"	"Transmembrane"	"61"	"81"	"FLVLMVFVHLYLGNVLALLLF"
"Q9NY25"	"UniProtKB"	"Transmembrane"	"5"	"27"	"MIISGLIVVVLKVVGMTLFLLYF"
"Q9NY28"	"UniProtKB"	"Transmembrane"	"7"	"29"	"LPKALFIGLTLAIAVNLLLVFSS"
"Q9NY97"	"UniProtKB"	"Transmembrane"	"8"	"28"	"IKLLGILMMANVFIYFIMEVS"
"Q9NZ08"	"UniProtKB"	"Transmembrane"	"2"	"21"	"VFLPLKWSLATMSFLLSSLL"
"Q9NZM1"	"UniProtKB"	"Transmembrane"	"2026"	"2046"	"WVIIGLLFLLILLLFVAVLLY"
"Q9NZS2"	"UniProtKB"	"Transmembrane"	"39"	"59"	"ILLGISGTVNGILTLTLISLI"
"Q9P109"	"UniProtKB"	"Transmembrane"	"14"	"34"	"QKVFILFLTLWLLSLLKLLNV"
"Q9P126"	"UniProtKB"	"Transmembrane"	"34"	"54"	"ALILLILCVGMVVGLVALGIW"
"Q9P273"	"UniProtKB"	"Transmembrane"	"311"	"331"	"ALCAVGVSVLLAILLSYFIAM"
"Q9P2E5"	"UniProtKB"	"Transmembrane"	"7"	"29"	"LALLRPALPLILGLSLGCSLSLL"
"Q9P2W7"	"UniProtKB"	"Transmembrane"	"7"	"27"	"ILAIVLIVLPWTLLITVWHQS"
"Q9UBM8"	"UniProtKB"	"Transmembrane"	"24"	"44"	"STVSFLGVLVIFLLFMNLYIE"
"Q9UBQ6"	"UniProtKB"	"Transmembrane"	"23"	"43"	"LVVILVLLLVAGALTALLPSV"
"Q9UBV7"	"UniProtKB"	"Transmembrane"	"31"	"51"	"VFHLFVACLSLGFFSLLWLQL"
"Q9UBX8"	"UniProtKB"	"Transmembrane"	"15"	"35"	"LLAFIFFFSLSSSCLYFIYVA"
"Q9UEW3"	"UniProtKB"	"Transmembrane"	"44"	"64"	"FSLAVVVIYLILLTAGAGLLV"
"Q9UH99"	"UniProtKB"	"Transmembrane"	"213"	"233"	"FLWFLLPLLLLTCLTYGAWYF"
"Q9UHP7"	"UniProtKB"	"Transmembrane"	"39"	"59"	"FFLIMFLTIIVCGMVAALSAI"
"Q9UIQ6"	"UniProtKB"	"Transmembrane"	"111"	"131"	"MVVCAFVIVVAVSVIMVIYLL"
"Q9UIR0"	"UniProtKB"	"Transmembrane"	"7"	"23"	"YNLSGAVASFLFILLTM"
"Q9UJ14"	"UniProtKB"	"Transmembrane"	"107"	"127"	"LTVIVTACLTFATGVTVALVM"
"Q9UJ37"	"UniProtKB"	"Transmembrane"	"8"	"28"	"FFWLLLLLTAACSGLLFALYF"
"Q9UJ71"	"UniProtKB"	"Transmembrane"	"44"	"64"	"AALICLTLVLVASVLLQAVLY"
"Q9UKM7"	"UniProtKB"	"Transmembrane"	"85"	"105"	"MILFLLAFLLFCGLLFYINLA"
"Q9UKU6"	"UniProtKB"	"Transmembrane"	"41"	"61"	"VLAFAVSLVALLAVTMLAVLL"
"Q9UKZ4"	"UniProtKB"	"Transmembrane"	"325"	"345"	"AITVTLALLLAYVIAVHLFGL"
"Q9UL52"	"UniProtKB"	"Transmembrane"	"20"	"40"	"VIGLVIFISLIVLAVCIGLTV"
"Q9ULG6"	"UniProtKB"	"Transmembrane"	"218"	"238"	"CVILALVIAISMGFGHFYGTI"
"Q9ULY5"	"UniProtKB"	"Transmembrane"	"20"	"40"	"QMFLWTVAGIPILFLSACFIT"
"Q9UM21"	"UniProtKB"	"Transmembrane"	"5"	"27"	"NGTVATALAFITSFLTLSWYTTW"
"Q9UMD9"	"UniProtKB"	"Transmembrane"	"468"	"488"	"LLGLLLTWLLLLGLLFGLIAL"
"Q9UMR7"	"UniProtKB"	"Transmembrane"	"49"	"69"	"SLLIFFLLLAISFFIAFVIFF"
"Q9UN42"	"UniProtKB"	"Transmembrane"	"111"	"131"	"LILLIYFFFYASLAAVITLCM"
"Q9UNA3"	"UniProtKB"	"Transmembrane"	"5"	"25"	"LQLSLSVTLLLVCGFLYQFTL"
"Q9UNG2"	"UniProtKB"	"Transmembrane"	"51"	"71"	"FCSIVMLLFLCSFSWLIFIFL"
"Q9UNP4"	"UniProtKB"	"Transmembrane"	"62"	"82"	"LLLKDILKCTLLVFGVWILYI"
"Q9UP52"	"UniProtKB"	"Transmembrane"	"84"	"104"	"YLVLTALLIFTGAFLLGYVAF"
"Q9UQ53"	"UniProtKB"	"Transmembrane"	"8"	"28"	"FLTLLLFCLCAFLSLSWYAAL"
"Q9UQQ1"	"UniProtKB"	"Transmembrane"	"7"	"28"	"LGLGLGAAALLGLGIILGHFAI"
"Q9Y231"	"UniProtKB"	"Transmembrane"	"12"	"32"	"FLIVCIILGCFMACLLIYIKP"
"Q9Y274"	"UniProtKB"	"Transmembrane"	"5"	"25"	"LVAIFLSAVFLYYVLHCILWG"
"Q9Y275"	"UniProtKB"	"Transmembrane"	"47"	"67"	"LLAATLLLALLSCCLTVVSFY"
"Q9Y278"	"UniProtKB"	"Transmembrane"	"20"	"39"	"LLFAFTLSLSCTYLCYSFLC"
"Q9Y287"	"UniProtKB"	"Transmembrane"	"55"	"75"	"WCMCFGLAFMLAGVILGGAYL"
"Q9Y2A9"	"UniProtKB"	"Transmembrane"	"11"	"31"	"ATLILAIGAFTLLLFSLLVSP"
"Q9Y2B1"	"UniProtKB"	"Transmembrane"	"10"	"30"	"SFLIALYCLFSLYAAYHVFFG"
"Q9Y2C2"	"UniProtKB"	"Transmembrane"	"50"	"70"	"FCMATLLVFCLGSLLYQLSGG"
"Q9Y2C3"	"UniProtKB"	"Transmembrane"	"8"	"28"	"LMYICLLVLGALCLYFSMYSL"
"Q9Y328"	"UniProtKB"	"Transmembrane"	"72"	"92"	"VTILVSLALAFLACIVFLVVY"
"Q9Y3Q0"	"UniProtKB"	"Transmembrane"	"8"	"31"	"LYLWMCLAAALASFLMGFMVGWFI"
"Q9Y4C5"	"UniProtKB"	"Transmembrane"	"55"	"75"	"ALVLCAGYALLLVLTMLNLLD"
"Q9Y5Q5"	"UniProtKB"	"Transmembrane"	"46"	"66"	"FLLLVLIPCICALVLLLVILL"
"Q9Y5Y6"	"UniProtKB"	"Transmembrane"	"56"	"76"	"VVLAAVLIGLLLVLLGIGFLV"
"Q9Y5Z6"	"UniProtKB"	"Transmembrane"	"7"	"26"	"CLYVLTVVCWASALWYLSIT"
"Q9Y644"	"UniProtKB"	"Transmembrane"	"7"	"29"	"ALCRACLALAAALAALLLLPLPL"
"Q9Y661"	"UniProtKB"	"Transmembrane"	"35"	"59"	"LLFMCTLSLSVTYLCYSLLGGSGSL"
"Q9Y662"	"UniProtKB"	"Transmembrane"	"33"	"53"	"LALLFAMLCVWLYMFLYSCAG"
"Q9Y663"	"UniProtKB"	"Transmembrane"	"25"	"43"	"FLLMLCSLLTSLYVFYCLA"
"Q9Y673"	"UniProtKB"	"Transmembrane"	"8"	"28"	"LAVLGAALAAAALVLISIVAF"
