Accession,Avg Ratio,parent sequence,AAAAAAAAAAAAAAAAAAX,dG(AAAAAAAAAAAAAAAAAAX),AAAAAAAAAAAAAAAAAXX,dG(AAAAAAAAAAAAAAAAAXX),AAAAAAAAAAAAAAAAXXX,dG(AAAAAAAAAAAAAAAAXXX),AAAAAAAAAAAAAAAXXXX,dG(AAAAAAAAAAAAAAAXXXX),AAAAAAAAAAAAAAXXXXX,dG(AAAAAAAAAAAAAAXXXXX),AAAAAAAAAAAAAXXXXXX,dG(AAAAAAAAAAAAAXXXXXX),AAAAAAAAAAAAXXXXXXX,dG(AAAAAAAAAAAAXXXXXXX),AAAAAAAAAAAXXXXXXXX,dG(AAAAAAAAAAAXXXXXXXX),AAAAAAAAAAXXXXXXXXX,dG(AAAAAAAAAAXXXXXXXXX),XAAAAAAAAAAAAAAAAAA,dG(XAAAAAAAAAAAAAAAAAA),XXAAAAAAAAAAAAAAAAA,dG(XXAAAAAAAAAAAAAAAAA),XXXAAAAAAAAAAAAAAAA,dG(XXXAAAAAAAAAAAAAAAA),XXXXAAAAAAAAAAAAAAA,dG(XXXXAAAAAAAAAAAAAAA),XXXXXAAAAAAAAAAAAAA,dG(XXXXXAAAAAAAAAAAAAA),XXXXXXAAAAAAAAAAAAA,dG(XXXXXXAAAAAAAAAAAAA),XXXXXXXAAAAAAAAAAAA,dG(XXXXXXXAAAAAAAAAAAA),XXXXXXXXAAAAAAAAAAA,dG(XXXXXXXXAAAAAAAAAAA),XXXXXXXXXAAAAAAAAAA,dG(XXXXXXXXXAAAAAAAAAA)
P14210,5.31056991,MWVTKLLPALLLQHVLLHLLLLPIAIPYAEG,AAAAAAAAAAAAAAAAAAG,1.854,AAAAAAAAAAAAAAAAAEG,2.747,AAAAAAAAAAAAAAAAAEG,2.747,AAAAAAAAAAAAAAAYAEG,2.622,AAAAAAAAAAAAAAPYAEG,3.57,AAAAAAAAAAAAAIPYAEG,3.126,AAAAAAAAAAAAAIPYAEG,3.126,AAAAAAAAAAAIAIPYAEG,2.55,AAAAAAAAAAPIAIPYAEG,3.755,MAAAAAAAAAAAAAAAAAA,1.44,MWAAAAAAAAAAAAAAAAA,1.156,MWVAAAAAAAAAAAAAAAA,1.108,MWVTAAAAAAAAAAAAAAA,1.251,MWVTKAAAAAAAAAAAAAA,2.37,MWVTKLAAAAAAAAAAAAA,1.969,MWVTKLLAAAAAAAAAAAA,1.522,MWVTKLLPAAAAAAAAAAA,2.677,MWVTKLLPAAAAAAAAAAA,2.677
Q9BRK5,4.378713966,MVWPWVAMASRWGPLIGLAPCCLWLLGAVLLMDASARP,AAAAAAAAAAAAAAAAAAP,2.048,AAAAAAAAAAAAAAAAARP,2.077,AAAAAAAAAAAAAAAAARP,2.077,AAAAAAAAAAAAAAASARP,2.639,AAAAAAAAAAAAAAASARP,2.639,AAAAAAAAAAAAADASARP,3.832,AAAAAAAAAAAAMDASARP,3.717,AAAAAAAAAAALMDASARP,3.294,AAAAAAAAAALLMDASARP,2.689,MAAAAAAAAAAAAAAAAAA,1.44,MVAAAAAAAAAAAAAAAAA,1.415,MVWAAAAAAAAAAAAAAAA,1.065,MVWPAAAAAAAAAAAAAAA,1.889,MVWPWAAAAAAAAAAAAAA,1.536,MVWPWVAAAAAAAAAAAAA,1.432,MVWPWVAAAAAAAAAAAAA,1.432,MVWPWVAMAAAAAAAAAAA,1.226,MVWPWVAMAAAAAAAAAAA,1.226
Q6UWB1,3.452284875,MRGGRGAPFWLWPLPKLALLPLLWVLFQRTRP,AAAAAAAAAAAAAAAAAAP,2.048,AAAAAAAAAAAAAAAAARP,2.077,AAAAAAAAAAAAAAAATRP,2.129,AAAAAAAAAAAAAAARTRP,2.366,AAAAAAAAAAAAAAQRTRP,3.506,AAAAAAAAAAAAAFQRTRP,3.203,AAAAAAAAAAAALFQRTRP,2.778,AAAAAAAAAAAVLFQRTRP,2.441,AAAAAAAAAAWVLFQRTRP,2.586,MAAAAAAAAAAAAAAAAAA,1.44,MRAAAAAAAAAAAAAAAAA,1.477,MRGAAAAAAAAAAAAAAAA,1.899,MRGGAAAAAAAAAAAAAAA,2.267,MRGGRAAAAAAAAAAAAAA,2.592,MRGGRGAAAAAAAAAAAAA,2.939,MRGGRGAAAAAAAAAAAAA,2.939,MRGGRGAPAAAAAAAAAAA,4.031,MRGGRGAPFAAAAAAAAAA,3.668
O94779,3.283074335,MASSWKLMLFLSVTMCLSEYS,AAAAAAAAAAAAAAAAAAS,1.912,AAAAAAAAAAAAAAAAAYS,1.715,AAAAAAAAAAAAAAAAEYS,2.641,AAAAAAAAAAAAAAASEYS,3.19,AAAAAAAAAAAAAALSEYS,2.821,AAAAAAAAAAAAACLSEYS,2.725,AAAAAAAAAAAAMCLSEYS,2.553,AAAAAAAAAAATMCLSEYS,2.917,AAAAAAAAAAVTMCLSEYS,2.664,MAAAAAAAAAAAAAAAAAA,1.44,MAAAAAAAAAAAAAAAAAA,1.44,MASAAAAAAAAAAAAAAAA,1.994,MASSAAAAAAAAAAAAAAA,2.506,MASSWAAAAAAAAAAAAAA,2.248,MASSWKAAAAAAAAAAAAA,3.591,MASSWKLAAAAAAAAAAAA,3.021,MASSWKLMAAAAAAAAAAA,2.898,MASSWKLMLAAAAAAAAAA,2.345
P01591,2.499145005,MKNHLLFWGVLAVFIKAVHVKA,AAAAAAAAAAAAAAAAAAA,1.465,AAAAAAAAAAAAAAAAAKA,2,AAAAAAAAAAAAAAAAVKA,1.957,AAAAAAAAAAAAAAAHVKA,2.815,AAAAAAAAAAAAAAVHVKA,2.716,AAAAAAAAAAAAAAVHVKA,2.716,AAAAAAAAAAAAKAVHVKA,4.438,AAAAAAAAAAAIKAVHVKA,3.902,AAAAAAAAAAFIKAVHVKA,3.603,MAAAAAAAAAAAAAAAAAA,1.44,MKAAAAAAAAAAAAAAAAA,1.978,MKNAAAAAAAAAAAAAAAA,2.891,MKNHAAAAAAAAAAAAAAA,3.697,MKNHLAAAAAAAAAAAAAA,3.346,MKNHLLAAAAAAAAAAAAA,2.869,MKNHLLFAAAAAAAAAAAA,2.391,MKNHLLFWAAAAAAAAAAA,2.461,MKNHLLFWGAAAAAAAAAA,2.72
Q9UKQ2,2.476310396,MLQGLLPVSLLLSVAVS,AAAAAAAAAAAAAAAAAAS,1.912,AAAAAAAAAAAAAAAAAVS,1.882,AAAAAAAAAAAAAAAAAVS,1.882,AAAAAAAAAAAAAAAVAVS,1.807,AAAAAAAAAAAAAASVAVS,2.437,AAAAAAAAAAAAALSVAVS,2.018,AAAAAAAAAAAALLSVAVS,1.587,AAAAAAAAAAALLLSVAVS,0.948,AAAAAAAAAASLLLSVAVS,1.648,MAAAAAAAAAAAAAAAAAA,1.44,MLAAAAAAAAAAAAAAAAA,1.146,MLQAAAAAAAAAAAAAAAA,2.006,MLQGAAAAAAAAAAAAAAA,2.395,MLQGLAAAAAAAAAAAAAA,2.038,MLQGLLAAAAAAAAAAAAA,1.574,MLQGLLPAAAAAAAAAAAA,2.696,MLQGLLPVAAAAAAAAAAA,2.419,MLQGLLPVSAAAAAAAAAA,2.846
P78310,2.398011016,MALLLCFVLLCGVVDFARS,AAAAAAAAAAAAAAAAAAS,1.912,AAAAAAAAAAAAAAAAARS,1.941,AAAAAAAAAAAAAAAAARS,1.941,AAAAAAAAAAAAAAAFARS,1.618,AAAAAAAAAAAAAADFARS,3.001,AAAAAAAAAAAAAVDFARS,2.866,AAAAAAAAAAAAVVDFARS,2.712,AAAAAAAAAAAGVVDFARS,3.121,AAAAAAAAAACGVVDFARS,2.895,MAAAAAAAAAAAAAAAAAA,1.44,MAAAAAAAAAAAAAAAAAA,1.44,MALAAAAAAAAAAAAAAAA,1.126,MALLAAAAAAAAAAAAAAA,0.714,MALLLAAAAAAAAAAAAAA,0.166,MALLLCAAAAAAAAAAAAA,0.033,MALLLCFAAAAAAAAAAAA,-0.266,MALLLCFVAAAAAAAAAAA,-0.515,MALLLCFVLAAAAAAAAAA,-1.154
P06756,2.382716629,MAFPPRRRLRLGPRGLPLLLSGLLLPLCRA,AAAAAAAAAAAAAAAAAAA,1.465,AAAAAAAAAAAAAAAAARA,1.499,AAAAAAAAAAAAAAAACRA,1.465,AAAAAAAAAAAAAAALCRA,1.122,AAAAAAAAAAAAAAPLCRA,2.041,AAAAAAAAAAAAALPLCRA,1.535,AAAAAAAAAAAALLPLCRA,1.146,AAAAAAAAAAALLLPLCRA,0.568,AAAAAAAAAAGLLLPLCRA,1.017,MAAAAAAAAAAAAAAAAAA,1.44,MAAAAAAAAAAAAAAAAAA,1.44,MAFAAAAAAAAAAAAAAAA,1.212,MAFPAAAAAAAAAAAAAAA,2.046,MAFPPAAAAAAAAAAAAAA,2.93,MAFPPRAAAAAAAAAAAAA,3.463,MAFPPRRAAAAAAAAAAAA,4.303,MAFPPRRRAAAAAAAAAAA,5.844,MAFPPRRRLAAAAAAAAAA,5.363
P18084,2.283359318,MPRAPAPLYACLLGLCALLPRLAG,AAAAAAAAAAAAAAAAAAG,1.854,AAAAAAAAAAAAAAAAAAG,1.854,AAAAAAAAAAAAAAAALAG,1.54,AAAAAAAAAAAAAAARLAG,1.767,AAAAAAAAAAAAAAPRLAG,2.717,AAAAAAAAAAAAALPRLAG,2.3,AAAAAAAAAAAALLPRLAG,1.869,AAAAAAAAAAAALLPRLAG,1.869,AAAAAAAAAACALLPRLAG,1.654,MAAAAAAAAAAAAAAAAAA,1.44,MPAAAAAAAAAAAAAAAAA,2.123,MPRAAAAAAAAAAAAAAAA,2.211,MPRAAAAAAAAAAAAAAAA,2.211,MPRAPAAAAAAAAAAAAAA,3.128,MPRAPAAAAAAAAAAAAAA,3.128,MPRAPAPAAAAAAAAAAAA,3.787,MPRAPAPLAAAAAAAAAAA,3.37,MPRAPAPLYAAAAAAAAAA,3.928
O95297,2.256531989,MAASAGAGAVIAAPDSRRWLWSVLAAALGLLTAGVSA,AAAAAAAAAAAAAAAAAAA,1.465,AAAAAAAAAAAAAAAAASA,1.962,AAAAAAAAAAAAAAAAVSA,1.919,AAAAAAAAAAAAAAAGVSA,2.21,AAAAAAAAAAAAAAAGVSA,2.21,AAAAAAAAAAAAATAGVSA,2.456,AAAAAAAAAAAALTAGVSA,2.066,AAAAAAAAAAALLTAGVSA,1.574,AAAAAAAAAAGLLTAGVSA,2.018,MAAAAAAAAAAAAAAAAAA,1.44,MAAAAAAAAAAAAAAAAAA,1.44,MAAAAAAAAAAAAAAAAAA,1.44,MAASAAAAAAAAAAAAAAA,2.038,MAASAAAAAAAAAAAAAAA,2.038,MAASAGAAAAAAAAAAAAA,2.318,MAASAGAAAAAAAAAAAAA,2.318,MAASAGAGAAAAAAAAAAA,2.737,MAASAGAGAAAAAAAAAAA,2.737
P20036,2.234143154,MRPEDRMFHIRAVILRALSLAFLLSLRGAGAIKA,AAAAAAAAAAAAAAAAAAA,1.465,AAAAAAAAAAAAAAAAAKA,2,AAAAAAAAAAAAAAAAIKA,1.794,AAAAAAAAAAAAAAAAIKA,1.794,AAAAAAAAAAAAAAGAIKA,2.234,AAAAAAAAAAAAAAGAIKA,2.234,AAAAAAAAAAAAGAGAIKA,2.495,AAAAAAAAAAARGAGAIKA,3.971,AAAAAAAAAALRGAGAIKA,3.423,MAAAAAAAAAAAAAAAAAA,1.44,MRAAAAAAAAAAAAAAAAA,1.477,MRPAAAAAAAAAAAAAAAA,2.256,MRPEAAAAAAAAAAAAAAA,3.337,MRPEDAAAAAAAAAAAAAA,4.365,MRPEDRAAAAAAAAAAAAA,4.856,MRPEDRMAAAAAAAAAAAA,4.75,MRPEDRMFAAAAAAAAAAA,4.352,MRPEDRMFHAAAAAAAAAA,5.702
P09326,2.210941198,MCSRGWDSCLALELLLLPLSLLVTSIQG,AAAAAAAAAAAAAAAAAAG,1.854,AAAAAAAAAAAAAAAAAQG,2.561,AAAAAAAAAAAAAAAAIQG,2.373,AAAAAAAAAAAAAAASIQG,2.822,AAAAAAAAAAAAAATSIQG,3.033,AAAAAAAAAAAAAVTSIQG,2.91,AAAAAAAAAAAALVTSIQG,2.504,AAAAAAAAAAALLVTSIQG,1.898,AAAAAAAAAASLLVTSIQG,2.616,MAAAAAAAAAAAAAAAAAA,1.44,MCAAAAAAAAAAAAAAAAA,1.415,MCSAAAAAAAAAAAAAAAA,1.964,MCSRAAAAAAAAAAAAAAA,2.173,MCSRGAAAAAAAAAAAAAA,2.435,MCSRGWAAAAAAAAAAAAA,2.286,MCSRGWDAAAAAAAAAAAA,4.08,MCSRGWDSAAAAAAAAAAA,4.665,MCSRGWDSCAAAAAAAAAA,4.523
P52799,2.154502176,MAVRRDSVWKYCWGVLMVLCRTAIS,AAAAAAAAAAAAAAAAAAS,1.912,AAAAAAAAAAAAAAAAAIS,1.754,AAAAAAAAAAAAAAAAAIS,1.754,AAAAAAAAAAAAAAATAIS,1.893,AAAAAAAAAAAAAARTAIS,2.337,AAAAAAAAAAAAACRTAIS,2.255,AAAAAAAAAAAALCRTAIS,1.816,AAAAAAAAAAAVLCRTAIS,1.479,AAAAAAAAAAMVLCRTAIS,1.256,MAAAAAAAAAAAAAAAAAA,1.44,MAAAAAAAAAAAAAAAAAA,1.44,MAVAAAAAAAAAAAAAAAA,1.403,MAVRAAAAAAAAAAAAAAA,1.652,MAVRRAAAAAAAAAAAAAA,2.099,MAVRRDAAAAAAAAAAAAA,3.536,MAVRRDSAAAAAAAAAAAA,4.051,MAVRRDSVAAAAAAAAAAA,3.845,MAVRRDSVWAAAAAAAAAA,3.98
P04440,2.010558468,MMVLQVSAAPRTVALTALLMVLLTSVVQG,AAAAAAAAAAAAAAAAAAG,1.854,AAAAAAAAAAAAAAAAAQG,2.561,AAAAAAAAAAAAAAAAVQG,2.523,AAAAAAAAAAAAAAAVVQG,2.469,AAAAAAAAAAAAAASVVQG,3.097,AAAAAAAAAAAAATSVVQG,3.342,AAAAAAAAAAAALTSVVQG,2.959,AAAAAAAAAAALLTSVVQG,2.432,AAAAAAAAAAVLLTSVVQG,1.993,MAAAAAAAAAAAAAAAAAA,1.44,MMAAAAAAAAAAAAAAAAA,1.415,MMVAAAAAAAAAAAAAAAA,1.372,MMVLAAAAAAAAAAAAAAA,1.022,MMVLQAAAAAAAAAAAAAA,2.143,MMVLQVAAAAAAAAAAAAA,1.997,MMVLQVSAAAAAAAAAAAA,2.4,MMVLQVSAAAAAAAAAAAA,2.4,MMVLQVSAAAAAAAAAAAA,2.4
Q13740,1.96799067,MESKGASSCRLLFCLLISATVFRPGLG,AAAAAAAAAAAAAAAAAAG,1.854,AAAAAAAAAAAAAAAAALG,1.517,AAAAAAAAAAAAAAAAGLG,1.844,AAAAAAAAAAAAAAAPGLG,2.725,AAAAAAAAAAAAAARPGLG,3.091,AAAAAAAAAAAAAFRPGLG,2.826,AAAAAAAAAAAAVFRPGLG,2.607,AAAAAAAAAAATVFRPGLG,3.045,AAAAAAAAAAATVFRPGLG,3.045,MAAAAAAAAAAAAAAAAAA,1.44,MEAAAAAAAAAAAAAAAAA,2.416,MESAAAAAAAAAAAAAAAA,2.866,MESKAAAAAAAAAAAAAAA,3.474,MESKGAAAAAAAAAAAAAA,3.833,MESKGAAAAAAAAAAAAAA,3.833,MESKGASAAAAAAAAAAAA,4.428,MESKGASSAAAAAAAAAAA,5.067,MESKGASSCAAAAAAAAAA,4.913
P54764,1.937313453,MAGIFYFALFSCLFGICDA,AAAAAAAAAAAAAAAAAAA,1.465,AAAAAAAAAAAAAAAAADA,2.174,AAAAAAAAAAAAAAAACDA,2.132,AAAAAAAAAAAAAAAICDA,1.91,AAAAAAAAAAAAAAGICDA,2.32,AAAAAAAAAAAAAFGICDA,1.915,AAAAAAAAAAAALFGICDA,1.532,AAAAAAAAAAACLFGICDA,1.362,AAAAAAAAAASCLFGICDA,2.089,MAAAAAAAAAAAAAAAAAA,1.44,MAAAAAAAAAAAAAAAAAA,1.44,MAGAAAAAAAAAAAAAAAA,1.869,MAGIAAAAAAAAAAAAAAA,1.612,MAGIFAAAAAAAAAAAAAA,1.335,MAGIFYAAAAAAAAAAAAA,1.558,MAGIFYFAAAAAAAAAAAA,1.153,MAGIFYFAAAAAAAAAAAA,1.153,MAGIFYFALAAAAAAAAAA,0.608
Q96AP7,1.919550872,MISLPGPLVTNLLRFLFLGLSALAPPSRA,AAAAAAAAAAAAAAAAAAA,1.465,AAAAAAAAAAAAAAAAARA,1.499,AAAAAAAAAAAAAAAASRA,2.04,AAAAAAAAAAAAAAAPSRA,2.821,AAAAAAAAAAAAAAPPSRA,3.554,AAAAAAAAAAAAAAPPSRA,3.554,AAAAAAAAAAAALAPPSRA,3.097,AAAAAAAAAAAALAPPSRA,3.097,AAAAAAAAAASALAPPSRA,3.768,MAAAAAAAAAAAAAAAAAA,1.44,MIAAAAAAAAAAAAAAAAA,1.31,MISAAAAAAAAAAAAAAAA,1.835,MISLAAAAAAAAAAAAAAA,1.414,MISLPAAAAAAAAAAAAAA,2.17,MISLPGAAAAAAAAAAAAA,2.603,MISLPGPAAAAAAAAAAAA,3.462,MISLPGPLAAAAAAAAAAA,3.063,MISLPGPLVAAAAAAAAAA,2.731
P31785,1.919132215,MLKPSLPFTSLLFLQLPLLG,AAAAAAAAAAAAAAAAAAG,1.854,AAAAAAAAAAAAAAAAALG,1.517,AAAAAAAAAAAAAAAALLG,1.166,AAAAAAAAAAAAAAAPLLG,2.024,AAAAAAAAAAAAAALPLLG,1.539,AAAAAAAAAAAAAQLPLLG,2.322,AAAAAAAAAAAALQLPLLG,1.732,AAAAAAAAAAAFLQLPLLG,1.311,AAAAAAAAAALFLQLPLLG,0.856,MAAAAAAAAAAAAAAAAAA,1.44,MLAAAAAAAAAAAAAAAAA,1.146,MLKAAAAAAAAAAAAAAAA,1.837,MLKPAAAAAAAAAAAAAAA,2.653,MLKPSAAAAAAAAAAAAAA,3.076,MLKPSLAAAAAAAAAAAAA,2.694,MLKPSLPAAAAAAAAAAAA,3.75,MLKPSLPFAAAAAAAAAAA,3.323,MLKPSLPFTAAAAAAAAAA,3.605
P28067,1.890336859,MGHEQNQGAALLQMLPLLWLLPHSWA,AAAAAAAAAAAAAAAAAAA,1.465,AAAAAAAAAAAAAAAAAWA,1.179,AAAAAAAAAAAAAAAASWA,1.679,AAAAAAAAAAAAAAAHSWA,2.692,AAAAAAAAAAAAAAPHSWA,3.398,AAAAAAAAAAAAALPHSWA,3.031,AAAAAAAAAAAALLPHSWA,2.494,AAAAAAAAAAAWLLPHSWA,2.58,AAAAAAAAAALWLLPHSWA,2.09,MAAAAAAAAAAAAAAAAAA,1.44,MGAAAAAAAAAAAAAAAAA,1.85,MGHAAAAAAAAAAAAAAAA,2.741,MGHEAAAAAAAAAAAAAAA,3.726,MGHEQAAAAAAAAAAAAAA,4.556,MGHEQNAAAAAAAAAAAAA,5.658,MGHEQNQAAAAAAAAAAAA,6.872,MGHEQNQGAAAAAAAAAAA,7.172,MGHEQNQGAAAAAAAAAAA,7.172
Q14165,1.886256295,MLGAWAVEGTAVALLRLLLLLLPPAIRGPGLGVAGVAGA,AAAAAAAAAAAAAAAAAAA,1.465,AAAAAAAAAAAAAAAAAGA,1.871,AAAAAAAAAAAAAAAAAGA,1.871,AAAAAAAAAAAAAAAVAGA,1.822,AAAAAAAAAAAAAAGVAGA,2.244,AAAAAAAAAAAAAAGVAGA,2.244,AAAAAAAAAAAAVAGVAGA,2.093,AAAAAAAAAAAGVAGVAGA,2.47,AAAAAAAAAALGVAGVAGA,1.821,MAAAAAAAAAAAAAAAAAA,1.44,MLAAAAAAAAAAAAAAAAA,1.146,MLGAAAAAAAAAAAAAAAA,1.531,MLGAAAAAAAAAAAAAAAA,1.531,MLGAWAAAAAAAAAAAAAA,1.277,MLGAWAAAAAAAAAAAAAA,1.277,MLGAWAVAAAAAAAAAAAA,1.016,MLGAWAVEAAAAAAAAAAA,2.419,MLGAWAVEGAAAAAAAAAA,2.719
Q13641,1.872221849,MPGGCSRGPAAGDGRLRLARLALVLLGWVSSSSPTSSASSFSSSAPFLA,AAAAAAAAAAAAAAAAAAA,1.465,AAAAAAAAAAAAAAAAALA,1.17,AAAAAAAAAAAAAAAAFLA,0.881,AAAAAAAAAAAAAAAPFLA,1.762,AAAAAAAAAAAAAAAPFLA,1.762,AAAAAAAAAAAAASAPFLA,2.154,AAAAAAAAAAAASSAPFLA,2.811,AAAAAAAAAAASSSAPFLA,3.462,AAAAAAAAAAFSSSAPFLA,3.154,MAAAAAAAAAAAAAAAAAA,1.44,MPAAAAAAAAAAAAAAAAA,2.123,MPGAAAAAAAAAAAAAAAA,2.474,MPGGAAAAAAAAAAAAAAA,2.735,MPGGCAAAAAAAAAAAAAA,2.667,MPGGCSAAAAAAAAAAAAA,3.334,MPGGCSRAAAAAAAAAAAA,4.386,MPGGCSRGAAAAAAAAAAA,4.674,MPGGCSRGPAAAAAAAAAA,5.57
P20701,1.835598503,MKDSCITVMAMALLSGFFFFAPASS,AAAAAAAAAAAAAAAAAAS,1.912,AAAAAAAAAAAAAAAAASS,2.341,AAAAAAAAAAAAAAAAASS,2.341,AAAAAAAAAAAAAAAPASS,3.09,AAAAAAAAAAAAAAAPASS,3.09,AAAAAAAAAAAAAFAPASS,2.822,AAAAAAAAAAAAFFAPASS,2.468,AAAAAAAAAAAFFFAPASS,1.975,AAAAAAAAAAFFFFAPASS,1.583,MAAAAAAAAAAAAAAAAAA,1.44,MKAAAAAAAAAAAAAAAAA,1.978,MKDAAAAAAAAAAAAAAAA,2.8,MKDSAAAAAAAAAAAAAAA,3.218,MKDSCAAAAAAAAAAAAAA,3.159,MKDSCIAAAAAAAAAAAAA,2.716,MKDSCITAAAAAAAAAAAA,3.089,MKDSCITVAAAAAAAAAAA,2.826,MKDSCITVMAAAAAAAAAA,2.677
P01920,1.820290906,MSWKKALRIPGGLRAATVTLMLAMLSTPVAEG,AAAAAAAAAAAAAAAAAAG,1.854,AAAAAAAAAAAAAAAAAEG,2.747,AAAAAAAAAAAAAAAAAEG,2.747,AAAAAAAAAAAAAAAVAEG,2.695,AAAAAAAAAAAAAAPVAEG,3.649,AAAAAAAAAAAAATPVAEG,3.894,AAAAAAAAAAAASTPVAEG,4.298,AAAAAAAAAAALSTPVAEG,3.802,AAAAAAAAAAMLSTPVAEG,3.559,MAAAAAAAAAAAAAAAAAA,1.44,MSAAAAAAAAAAAAAAAAA,1.941,MSWAAAAAAAAAAAAAAAA,1.548,MSWKAAAAAAAAAAAAAAA,2.36,MSWKKAAAAAAAAAAAAAA,3.583,MSWKKAAAAAAAAAAAAAA,3.583,MSWKKALAAAAAAAAAAAA,3.174,MSWKKALRAAAAAAAAAAA,4.661,MSWKKALRIAAAAAAAAAA,4.045
P13473,1.814607835,MVCFRLFPVPGSGLVLVCLVLGAVRSYA,AAAAAAAAAAAAAAAAAAA,1.465,AAAAAAAAAAAAAAAAAYA,1.299,AAAAAAAAAAAAAAAASYA,1.812,AAAAAAAAAAAAAAARSYA,2.039,AAAAAAAAAAAAAAVRSYA,1.967,AAAAAAAAAAAAAAVRSYA,1.967,AAAAAAAAAAAAGAVRSYA,2.42,AAAAAAAAAAALGAVRSYA,1.935,AAAAAAAAAAVLGAVRSYA,1.661,MAAAAAAAAAAAAAAAAAA,1.44,MVAAAAAAAAAAAAAAAAA,1.415,MVCAAAAAAAAAAAAAAAA,1.373,MVCFAAAAAAAAAAAAAAA,1.115,MVCFRAAAAAAAAAAAAAA,1.567,MVCFRLAAAAAAAAAAAAA,1.078,MVCFRLFAAAAAAAAAAAA,0.786,MVCFRLFPAAAAAAAAAAA,1.908,MVCFRLFPVAAAAAAAAAA,1.544
O60449,1.795891242,MRTGWATPRRPAGLLMLLFWFFDLAEPSGRA,AAAAAAAAAAAAAAAAAAA,1.465,AAAAAAAAAAAAAAAAARA,1.499,AAAAAAAAAAAAAAAAGRA,1.915,AAAAAAAAAAAAAAASGRA,2.437,AAAAAAAAAAAAAAPSGRA,3.212,AAAAAAAAAAAAAEPSGRA,4.433,AAAAAAAAAAAAAEPSGRA,4.433,AAAAAAAAAAALAEPSGRA,4.013,AAAAAAAAAADLAEPSGRA,6.014,MAAAAAAAAAAAAAAAAAA,1.44,MRAAAAAAAAAAAAAAAAA,1.477,MRTAAAAAAAAAAAAAAAA,1.56,MRTGAAAAAAAAAAAAAAA,1.97,MRTGWAAAAAAAAAAAAAA,1.692,MRTGWAAAAAAAAAAAAAA,1.692,MRTGWATAAAAAAAAAAAA,2.064,MRTGWATPAAAAAAAAAAA,3.096,MRTGWATPRAAAAAAAAAA,4.446
O75787,1.773652037,MAVFVVLLALVAGVLG,AAAAAAAAAAAAAAAAAAG,1.854,AAAAAAAAAAAAAAAAALG,1.517,AAAAAAAAAAAAAAAAVLG,1.477,AAAAAAAAAAAAAAAGVLG,1.915,AAAAAAAAAAAAAAAGVLG,1.915,AAAAAAAAAAAAAVAGVLG,1.812,AAAAAAAAAAAALVAGVLG,1.282,AAAAAAAAAAAALVAGVLG,1.282,AAAAAAAAAALALVAGVLG,0.786,MAAAAAAAAAAAAAAAAAA,1.44,MAAAAAAAAAAAAAAAAAA,1.44,MAVAAAAAAAAAAAAAAAA,1.403,MAVFAAAAAAAAAAAAAAA,1.155,MAVFVAAAAAAAAAAAAAA,1.056,MAVFVVAAAAAAAAAAAAA,0.878,MAVFVVLAAAAAAAAAAAA,0.476,MAVFVVLLAAAAAAAAAAA,-0.002,MAVFVVLLAAAAAAAAAAA,-0.002
Q8NBJ9,1.747929866,MFALGLPFLVLLVASVES,AAAAAAAAAAAAAAAAAAS,1.912,AAAAAAAAAAAAAAAAAES,2.797,AAAAAAAAAAAAAAAAVES,2.758,AAAAAAAAAAAAAAASVES,3.179,AAAAAAAAAAAAAAASVES,3.179,AAAAAAAAAAAAAVASVES,3.051,AAAAAAAAAAAALVASVES,2.653,AAAAAAAAAAALLVASVES,2.07,AAAAAAAAAAVLLVASVES,1.634,MAAAAAAAAAAAAAAAAAA,1.44,MFAAAAAAAAAAAAAAAAA,1.226,MFAAAAAAAAAAAAAAAAA,1.226,MFALAAAAAAAAAAAAAAA,0.753,MFALGAAAAAAAAAAAAAA,1.143,MFALGLAAAAAAAAAAAAA,0.675,MFALGLPAAAAAAAAAAAA,1.641,MFALGLPFAAAAAAAAAAA,1.236,MFALGLPFLAAAAAAAAAA,0.829
